{
  "account": {
    "name": "Edge Communications",
    "accountNumber": "CD451796",
    "industry": "Electronics",
    "website": "http://edgecomm.com",
    "phone": "(512) 757-6000",
    "numberOfEmployees": 1000,
    "annualRevenue": "1.39E8",
    "rating": "Hot",
    "billing": {
      "street": "312 Constitution Place\nAustin, TX 78767\nUSA",
      "city": "Austin",
      "state": "Texas",
      "postalCode": null,
      "country": "United States"
    },
    "shipping": {
      "street": "312 Constitution Place\nAustin, TX 78767\nUSA",
      "city": null,
      "state": null,
      "postalCode": null,
      "country": null
    }
  },
  "contacts": [
    {
      "firstName": "Rose",
      "lastName": "Gonzalez",
      "email": "rose@edge.com",
      "phone": "(512) 757-6000"
    },
    {
      "firstName": "Sean",
      "lastName": "Forbes",
      "email": "sean@edge.com",
      "phone": "(512) 757-6000"
    },
    {
      "firstName": "Rose1",
      "lastName": "Gonzalez1",
      "email": "rose12@edge.com",
      "phone": "12233988"
    },
    {
      "firstName": "Sean12",
      "lastName": "Forbes12",
      "email": "sean12@edge.com",
      "phone": "12332233"
    }
  ]
}
