<?xml version="1.0" encoding="UTF-8"?>

<mule xmlns:http="http://www.mulesoft.org/schema/mule/http" xmlns:ee="http://www.mulesoft.org/schema/mule/ee/core"
	xmlns="http://www.mulesoft.org/schema/mule/core"
	xmlns:doc="http://www.mulesoft.org/schema/mule/documentation" xmlns:xsi="http://www.w3.org/2001/XMLSchema-instance" xsi:schemaLocation="http://www.mulesoft.org/schema/mule/core http://www.mulesoft.org/schema/mule/core/current/mule.xsd
http://www.mulesoft.org/schema/mule/ee/core http://www.mulesoft.org/schema/mule/ee/core/current/mule-ee.xsd
http://www.mulesoft.org/schema/mule/http http://www.mulesoft.org/schema/mule/http/current/mule-http.xsd">
	
	<flow name="get-account-impl-flow" doc:id="a16bb832-ea00-429c-86ea-df48f06b47cd" >
		<ee:transform doc:name="Transform Message - Set Input Variable" doc:id="7994fa4c-38db-4fbc-b822-3bbc55c96c70" >
			<ee:message >
				<ee:set-payload ><![CDATA[%dw 2.0
output application/java
---
{
}]]></ee:set-payload>
			</ee:message>
			<ee:variables >
				<ee:set-variable variableName="accountId" ><![CDATA[attributes.uriParams.accountId default ""]]></ee:set-variable>
			</ee:variables>
		</ee:transform>
		<scatter-gather doc:name="Scatter-Gather" doc:id="e2a869f1-c34a-4002-9542-892acaff0714">
			<route >
				<try doc:name="Try" doc:id="81a76cff-1746-4213-bbef-6c92a86d692a" >
					<logger level="INFO" doc:name="Log Start Flow" doc:id="9ce1ca7b-c066-432c-b5ee-ac36ada8eb6e" message='#["Fetching Account Started"]' />
					<http:request method="GET" doc:name="Request - Retrieve Accounts" doc:id="2c725949-36ff-4751-9955-c55cbcea7ace" config-ref="HTTP_Request_configuration" path="${sfdc.sapi.accountIdPath}">
					<http:headers><![CDATA[#[{
	"client_id": Mule::p('secure::sfdc.sapi.clientId'),
	"client_secret": Mule::p('secure::sfdc.sapi.clientSecret'),
	"Content-Type": "application/json"
}]]]></http:headers>
					<http:uri-params><![CDATA[#[{
	"accountId": vars.accountId default ""
}]]]></http:uri-params>
				</http:request>
					<logger level="INFO" doc:name="Log End Flow" doc:id="356226d0-d119-4364-a552-b83335bfd916" message='#["Fetching Account Completed"]' />
					<error-handler >
						<on-error-continue enableNotifications="true" logException="true" doc:name="On Error Continue" doc:id="dccab8d0-1c2b-4a85-8338-155b2ed7ef5f" >
							<ee:transform doc:name="Transform Message - Error Message" doc:id="e3698acd-3f81-4f25-bc04-de1e62aa2fab" >
								<ee:message >
									<ee:set-payload ><![CDATA[%dw 2.0
output application/java
---
[{
	"error": error.description
}]]]></ee:set-payload>
								</ee:message>
							</ee:transform>
						</on-error-continue>
					</error-handler>
				</try>
			</route>
			<route >
				<try doc:name="Try" doc:id="289adfee-6208-456d-a9f3-7ab6cd7ff3a4" >
					<logger level="INFO" doc:name="Log Flow Start" doc:id="7deb11b8-7518-481d-a509-c8d4c00d4bda" message='#["Fetching Account Contacts Started"]' />
					<http:request method="GET" doc:name="Request Retrieve Account Contacts" doc:id="14c79a12-9636-48df-b864-b6b9a9870dbb" config-ref="HTTP_Request_configuration" path="${sfdc.sapi.contactPath}">
					<http:headers><![CDATA[#[{
	"client_id": Mule::p('secure::sfdc.sapi.clientId'),
	"client_secret": Mule::p('secure::sfdc.sapi.clientSecret'),
	"Content-Type": "application/json"
}]]]></http:headers>
					<http:uri-params><![CDATA[#[{
	"accountId": vars.accountId default ""
}]]]></http:uri-params>
				</http:request>
					<logger level="INFO" doc:name="Log Flow End" doc:id="8693ad71-1503-4caa-baf5-6933d955d731" message='#["Fetching Account Contacts Completed"]' />
					<error-handler >
						<on-error-continue enableNotifications="true" logException="true" doc:name="On Error Continue" doc:id="3c30918e-8074-481a-b8e3-cd4426bbea66" >
							<ee:transform doc:name="Transform Message - Error Message" doc:id="81d361fd-369f-4682-aca5-0772af465760" >
								<ee:message >
									<ee:set-payload ><![CDATA[%dw 2.0
output application/json
---
[{
	"error": error.description
}]]]></ee:set-payload>
								</ee:message>
							</ee:transform>
						</on-error-continue>
					</error-handler>
				</try>
			</route>
		</scatter-gather>
		<ee:transform doc:name="Transform Message - Aggregating the response" doc:id="552c27e7-e948-4b9c-b21c-dcf94d190f64" >
			<ee:message >
				<ee:set-payload ><![CDATA[%dw 2.0
output application/json
---
{
	"account": payload."0".payload,
	"contacts": payload."1".payload
}]]></ee:set-payload>
			</ee:message>
		</ee:transform>
		<ee:transform doc:name="Transform Message - Account JSON Response" doc:id="7350c065-5c63-4134-a5bc-66c00e1a4ddf" >
			<ee:message >
				<ee:set-payload ><![CDATA[%dw 2.0
output application/json
---
{
  "account": {
    "name": payload.account[0].Name default "",
    "accountNumber": payload.account[0].AccountNumber default "",
    "industry": payload.account[0].Industry default "",
    "website": payload.account[0].Website default "",
    "phone": payload.account[0].Phone default "",
    "numberOfEmployees": (payload.account[0].NumberOfEmployees as Number) default 0,
    "annualRevenue": payload.account[0].AnnualRevenue default "",
    "rating": payload.account[0].rating default "",
    "billing": {
      "street": payload.account[0].BillingStreet default "",
      "city": payload.account[0].BillingCity default "",
      "state": payload.account[0].BillingState default "",
      "postalCode": payload.account[0].BillingPostalCode default "",
      "country": ""
    },
    "shipping": {
      "street": payload.account[0].ShippingStreet default "",
      "city": payload.account[0].ShippingCity default "",
      "state": payload.account[0].ShippingState default "",
      "postalCode": payload.account[0].ShippingPostalCode default "",
      "country": payload.account[0].ShippingCountry default ""
    }
  },
  "contacts": (payload.contacts)   map
    {
      ("firstName": $.FirstName) if($.error == null),
      ("lastName": $.LastName default "") if($.error == null),
      ("email": $.Email default "") if($.error == null),
      ("phone": $.Phone default "") if($.error == null),
      ("error": $.error) if($.error != null)
    }
}
]]></ee:set-payload>
			</ee:message>
		</ee:transform>
		<logger level="INFO" doc:name="Logger" doc:id="f9f2ebc2-22c2-41d0-b1cf-e8e86858c91a" message="#[%dw 2.0&#10;output application/json&#10;---&#10;payload]"/>
	</flow>
</mule>
