<?xml version='1.0' encoding='UTF-8'?>
<types:mule xmlns:types="http://www.mulesoft.org/schema/mule/types">
  <types:catalog>
    <types:type name="AccountInputJSON" format="json">
      <types:shape format="weave" example="examples/AccountInpit.json"><![CDATA[%dw 2.0

type AccountInputJSON = Array<{|  Name: String,   Type: String,   Industry: String,   Phone: String,   Website: String,   AccountNumber: String,   AnnualRevenue: String,   NumberOfEmployees: String,   BillingStreet: String,   BillingCity: String,   BillingState: String,   BillingPostalCode: String,   BillingCountry: String|}> {"example": "[{\\\"Name\\\":\\\"Acme Corporation 1\\\",\\\"Type\\\":\\\"Partner\\\",\\\"Industry\\\":\\\"Finance\\\",\\\"Phone\\\":\\\"555-425-3618\\\",\\\"Website\\\":\\\"www.acme1.com\\\",\\\"AccountNumber\\\":\\\"ACCT-0001\\\",\\\"AnnualRevenue\\\":\\\"29964765\\\",\\\"NumberOfEmployees\\\":\\\"1736\\\",\\\"BillingStreet\\\":\\\"123 Market Street\\\",\\\"BillingCity\\\":\\\"San Francisco\\\",\\\"BillingState\\\":\\\"Michigan\\\",\\\"BillingPostalCode\\\":\\\"94105\\\",\\\"BillingCountry\\\":\\\"United States\\\"},{\\\"Name\\\":\\\"Acme Corporation 2\\\",\\\"Type\\\":\\\"Customer\\\",\\\"Industry\\\":\\\"Retail\\\",\\\"Phone\\\":\\\"555-114-4877\\\",\\\"Website\\\":\\\"www.acme2.com\\\",\\\"AccountNumber\\\":\\\"ACCT-0002\\\",\\\"AnnualRevenue\\\":\\\"9037517\\\",\\\"NumberOfEmployees\\\":\\\"4765\\\",\\\"BillingStreet\\\":\\\"123 Market Street\\\",\\\"BillingCity\\\":\\\"San Francisco\\\",\\\"BillingState\\\":\\\"New Hampshire\\\",\\\"BillingPostalCode\\\":\\\"94105\\\",\\\"BillingCountry\\\":\\\"United States\\\"}]"}

]]></types:shape>
    </types:type>
    <types:type name="auto_a16bb832-ea00-429c-86ea-df48f06b47cd_Input-Payload" format="java">
      <types:shape format="weave" example="weave/autogenerated/a16bb832-ea00-429c-86ea-df48f06b47cd/Input-Payload.wev" autogeneratedOrigin="c630a070-28f9-42e6-afe6-04d1d3a73557"><![CDATA[%dw 2.0

type auto_a16bb832_ea00_429c_86ea_df48f06b47cd_Input_Payload = Any

]]></types:shape>
    </types:type>
    <types:type name="auto_a16bb832-ea00-429c-86ea-df48f06b47cd_Input-Attributes" format="java">
      <types:shape format="weave" example="weave/autogenerated/a16bb832-ea00-429c-86ea-df48f06b47cd/Input-Attributes.wev" autogeneratedOrigin="c630a070-28f9-42e6-afe6-04d1d3a73557"><![CDATA[%dw 2.0

type auto_a16bb832_ea00_429c_86ea_df48f06b47cd_Input_Attributes = {|
  clientCertificate?: {|
    publicKey?: {|  |}, 
    "type"?: String, 
    encoded?: Binary
  |}, 
  headers: {|  |}, 
  listenerPath: String, 
  method: String, 
  queryParams: {|  |}, 
  queryString: String, 
  relativePath: String, 
  remoteAddress: String, 
  requestPath: String, 
  requestUri: String, 
  scheme: String, 
  uriParams: {| accountId: String |}, 
  version: String, 
  localAddress: String
|}

]]></types:shape>
    </types:type>
    <types:type name="auto_a16bb832-ea00-429c-86ea-df48f06b47cd_Input-Variables-outboundHeaders" format="java">
      <types:shape format="weave" example="weave/autogenerated/a16bb832-ea00-429c-86ea-df48f06b47cd/Input-Variables-outboundHeaders.wev" autogeneratedOrigin="c630a070-28f9-42e6-afe6-04d1d3a73557"><![CDATA[%dw 2.0

type auto_a16bb832_ea00_429c_86ea_df48f06b47cd_Input_Variables_outboundHeaders = {|  |}

]]></types:shape>
    </types:type>
    <types:type name="auto_a16bb832-ea00-429c-86ea-df48f06b47cd_Input-Variables-httpStatus" format="java">
      <types:shape format="raml" autogeneratedOrigin="c630a070-28f9-42e6-afe6-04d1d3a73557"><![CDATA[#%RAML 1.0 DataType
type: string]]></types:shape>
    </types:type>
    <types:type name="auto_a16bb832-ea00-429c-86ea-df48f06b47cd_Output-Payload" format="json">
      <types:shape format="weave" autogeneratedOrigin="c630a070-28f9-42e6-afe6-04d1d3a73557"><![CDATA[%dw 2.0

type auto_a16bb832_ea00_429c_86ea_df48f06b47cd_Output_Payload = {|
  account?: {|
    name?: String, 
    accountNumber?: String, 
    industry?: String, 
    website?: String, 
    phone?: String, 
    numberOfEmployees?: Number {"typeId": "int"}, 
    annualRevenue?: String, 
    rating?: String, 
    billing?: {|
      street?: String, 
      city?: String, 
      state?: String, 
      postalCode?: Null, 
      country?: String
    |}, 
    shipping?: {|
      street?: String, 
      city?: Null, 
      state?: Null, 
      postalCode?: Null, 
      country?: Null
    |}
  |}, 
  contacts?: Array<{|    firstName?: String,     lastName?: String,     email?: String,     phone?: String  |}>
|} {"example": "{\\\"account\\\":{\\\"name\\\":\\\"Edge Communications\\\",\\\"accountNumber\\\":\\\"CD451796\\\",\\\"industry\\\":\\\"Electronics\\\",\\\"website\\\":\\\"http:\\/\\/edgecomm.com\\\",\\\"phone\\\":\\\"(512) 757-6000\\\",\\\"numberOfEmployees\\\":1000,\\\"annualRevenue\\\":\\\"1.39E8\\\",\\\"rating\\\":\\\"Hot\\\",\\\"billing\\\":{\\\"street\\\":\\\"312 Constitution Place\\\\nAustin, TX 78767\\\\nUSA\\\",\\\"city\\\":\\\"Austin\\\",\\\"state\\\":\\\"Texas\\\",\\\"postalCode\\\":null,\\\"country\\\":\\\"United States\\\"},\\\"shipping\\\":{\\\"street\\\":\\\"312 Constitution Place\\\\nAustin, TX 78767\\\\nUSA\\\",\\\"city\\\":null,\\\"state\\\":null,\\\"postalCode\\\":null,\\\"country\\\":null}},\\\"contacts\\\":[{\\\"firstName\\\":\\\"Rose\\\",\\\"lastName\\\":\\\"Gonzalez\\\",\\\"email\\\":\\\"rose@edge.com\\\",\\\"phone\\\":\\\"(512) 757-6000\\\"},{\\\"firstName\\\":\\\"Sean\\\",\\\"lastName\\\":\\\"Forbes\\\",\\\"email\\\":\\\"sean@edge.com\\\",\\\"phone\\\":\\\"(512) 757-6000\\\"},{\\\"firstName\\\":\\\"Rose1\\\",\\\"lastName\\\":\\\"Gonzalez1\\\",\\\"email\\\":\\\"rose12@edge.com\\\",\\\"phone\\\":\\\"12233988\\\"},{\\\"firstName\\\":\\\"Sean12\\\",\\\"lastName\\\":\\\"Forbes12\\\",\\\"email\\\":\\\"sean12@edge.com\\\",\\\"phone\\\":\\\"12332233\\\"}]}"}

]]></types:shape>
    </types:type>
    <types:type name="auto_a16bb832-ea00-429c-86ea-df48f06b47cd_Output-Attributes" format="java">
      <types:shape format="weave" example="weave/autogenerated/a16bb832-ea00-429c-86ea-df48f06b47cd/Output-Attributes.wev" autogeneratedOrigin="c630a070-28f9-42e6-afe6-04d1d3a73557"><![CDATA[%dw 2.0

type auto_a16bb832_ea00_429c_86ea_df48f06b47cd_Output_Attributes = Null

]]></types:shape>
    </types:type>
    <types:type name="auto_a16bb832-ea00-429c-86ea-df48f06b47cd_Output-Variables-accountId" format="java">
      <types:shape format="weave" example="weave/autogenerated/a16bb832-ea00-429c-86ea-df48f06b47cd/Output-Variables-accountId.wev" autogeneratedOrigin="c630a070-28f9-42e6-afe6-04d1d3a73557"><![CDATA[%dw 2.0

type auto_a16bb832_ea00_429c_86ea_df48f06b47cd_Output_Variables_accountId = Any

]]></types:shape>
    </types:type>
    <types:type name="auto_a16bb832-ea00-429c-86ea-df48f06b47cd_Output-Variables-outboundHeaders" format="java">
      <types:shape format="weave" example="weave/autogenerated/a16bb832-ea00-429c-86ea-df48f06b47cd/Output-Variables-outboundHeaders.wev" autogeneratedOrigin="c630a070-28f9-42e6-afe6-04d1d3a73557"><![CDATA[%dw 2.0

type auto_a16bb832_ea00_429c_86ea_df48f06b47cd_Output_Variables_outboundHeaders = {|  |}

]]></types:shape>
    </types:type>
    <types:type name="auto_a16bb832-ea00-429c-86ea-df48f06b47cd_Output-Variables-httpStatus" format="java">
      <types:shape format="raml" autogeneratedOrigin="c630a070-28f9-42e6-afe6-04d1d3a73557"><![CDATA[#%RAML 1.0 DataType
type: string]]></types:shape>
    </types:type>
  </types:catalog>
  <types:enrichment select="#da917521-5abd-4fa1-8da7-ec5a6a4feee2">
    <types:processor-declaration>
      <types:input-event>
        <types:message>
          <types:payload type="AccountInputJSON"/>
        </types:message>
      </types:input-event>
    </types:processor-declaration>
  </types:enrichment>
  <types:enrichment select="#a16bb832-ea00-429c-86ea-df48f06b47cd">
    <types:processor-declaration>
      <types:input-event>
        <types:message>
          <types:payload type="auto_a16bb832-ea00-429c-86ea-df48f06b47cd_Input-Payload"/>
          <types:attributes type="auto_a16bb832-ea00-429c-86ea-df48f06b47cd_Input-Attributes"/>
        </types:message>
        <types:variables>
          <types:variable name="outboundHeaders" type="auto_a16bb832-ea00-429c-86ea-df48f06b47cd_Input-Variables-outboundHeaders"/>
          <types:variable name="httpStatus" type="auto_a16bb832-ea00-429c-86ea-df48f06b47cd_Input-Variables-httpStatus"/>
        </types:variables>
      </types:input-event>
      <types:output-event>
        <types:message>
          <types:payload type="auto_a16bb832-ea00-429c-86ea-df48f06b47cd_Output-Payload"/>
          <types:attributes type="auto_a16bb832-ea00-429c-86ea-df48f06b47cd_Output-Attributes"/>
        </types:message>
        <types:variables>
          <types:variable name="accountId" type="auto_a16bb832-ea00-429c-86ea-df48f06b47cd_Output-Variables-accountId"/>
          <types:variable name="outboundHeaders" type="auto_a16bb832-ea00-429c-86ea-df48f06b47cd_Output-Variables-outboundHeaders"/>
          <types:variable name="httpStatus" type="auto_a16bb832-ea00-429c-86ea-df48f06b47cd_Output-Variables-httpStatus"/>
        </types:variables>
      </types:output-event>
    </types:processor-declaration>
  </types:enrichment>
</types:mule>