[{
  "Name": "Acme Corporation",
  "Type": "Customer",
  "Industry": "Manufacturing",
  "Phone": "+1-415-555-1234",
  "Website": "https://www.acme.com",
  "AccountNumber": "ACM-001",
  "AnnualRevenue": 12500000,
  "NumberOfEmployees": 240,
  "Ownership": "Private",
  "Rating": "Hot",
  "Description": "Key manufacturing partner for western region.",
  "BillingStreet": "123 Market Street",
  "BillingCity": "San Francisco",
  "BillingState": "CA",
  "BillingPostalCode": "94105",
  "BillingCountry": "USA",
  "ShippingStreet": "456 Industrial Road",
  "ShippingCity": "Oakland",
  "ShippingState": "CA",
  "ShippingPostalCode": "94612",
  "ShippingCountry": "USA",
  "ParentId": null
}]